insert into Airport values
  ('ATL','Hartsfield-Jackson Atlanta International Airport','Atlanta','GA');
insert into Airport values
  ('LAX','Los Angeles International Airport','Los Angeles','CA');
insert into Airport values
  ('ORD','OHare International Airport','Chicago','IL');
insert into Airport values
  ('DFW','Dallas/Fort Worth International Airport','Dallas','TX');
insert into Airport values
  ('JFK','John F. Kennedy International Airport','New York','NY');
insert into Airport values
  ('DEN','Denver International Airport','Denver','CO');
insert into Airport values
  ('SFO','San Francisco International Airport','San Francisco','CA');
insert into Airport values
  ('CLT','Charlotte Douglas International Airport','Charlotte','NC');
insert into Airport values
  ('LAS','McCarran International Airport','Las Vegas','NV');
insert into Airport values
  ('PHX','Phoenix Sky Harbor International Airport','Phoenix','AZ');
insert into Airport values
  ('IAH','George Bush Intercontinental Airport','Houston','TX');
insert into Airport values
  ('MIA','Miami International Airport','Miami','FL');
insert into Airport values
  ('SEA','Seattle-Tacoma International Airport','Seattle','WA');
insert into Airport values
  ('EWR','Newark Liberty International Airport','Newark','NY');
insert into Airport values
  ('MCO','Orlando International Airport','Orlando','FL');
insert into Airport values
  ('MSP','Minneapolis-Saint Paul International Airport','Minneapolis','MN');
insert into Airport values
  ('DTW','Detroit Metropolitan Airport','Detroit','MI');
insert into Airport values
  ('BOS','Logan International Airport','Boston','MA');
insert into Airport values
  ('PHL','Philadelphia International Airport','Philadelphia','PA');
insert into Airport values
  ('LGA','LaGuardia Airport','New York','NY');
insert into Airport values
  ('FLL','Fort Lauderdale-Hollywood International Airport','Fort Lauderdale','FL');
insert into Airport values
  ('BWI','Baltimore-Washington International Airport','Baltimore','MD');
insert into Airport values
  ('IAD','Washington Dulles International Airport','Washington D.C.','VA');
insert into Airport values
  ('MDW','Midway International Airport','Chicago','IL');
insert into Airport values
  ('SLC','Salt Lake City International Airport','Salt Lake City','UT');
  
insert into Airplane_Type values
  ('Boeing-737',215,'Boeing');
insert into Airplane_Type values
  ('Boeing-747',660,'Boeing');
insert into Airplane_Type values
  ('Boeing-767',300,'Boeing');
insert into Airplane_Type values
  ('Boeing-777',450,'Boeing');
insert into Airplane_Type values
  ('Airbus A330',440,'Airbus');
insert into Airplane_Type values
  ('Airbus A340',375,'Airbus');
insert into Airplane_Type values
  ('Airbus A320',150,'Airbus');
insert into Airplane_Type values
  ('Airbus A380',700,'Airbus');
  
insert into Can_Land values
  ('Boeing-737','ATL');
insert into Can_Land values
  ('Boeing-747','ATL');
insert into Can_Land values
  ('Boeing-767','ATL');
insert into Can_Land values
  ('Boeing-777','ATL');
insert into Can_Land values
  ('Airbus A320','ATL');
insert into Can_Land values
  ('Airbus A330','ATL');
insert into Can_Land values
  ('Airbus A340','ATL');
insert into Can_Land values
  ('Airbus A380','ATL');
insert into Can_Land values
  ('Boeing-737','LAX');
insert into Can_Land values
  ('Boeing-747','LAX');
insert into Can_Land values
  ('Boeing-767','LAX');
insert into Can_Land values
  ('Boeing-777','LAX');
insert into Can_Land values
  ('Airbus A320','LAX');
insert into Can_Land values
  ('Airbus A330','LAX');
insert into Can_Land values
  ('Airbus A340','LAX');
insert into Can_Land values
  ('Airbus A380','LAX');
insert into Can_Land values
  ('Boeing-737','ORD');
insert into Can_Land values
  ('Boeing-747','ORD');
insert into Can_Land values
  ('Boeing-767','ORD');
insert into Can_Land values
  ('Boeing-777','ORD');
insert into Can_Land values
  ('Airbus A320','ORD');
insert into Can_Land values
  ('Airbus A330','ORD');
insert into Can_Land values
  ('Airbus A340','ORD');
insert into Can_Land values
  ('Airbus A380','ORD');
insert into Can_Land values
  ('Boeing-737','DFW');
insert into Can_Land values
  ('Boeing-747','DFW');
insert into Can_Land values
  ('Boeing-767','DFW');
insert into Can_Land values
  ('Boeing-777','DFW');
insert into Can_Land values
  ('Airbus A320','DFW');
insert into Can_Land values
  ('Airbus A330','DFW');
insert into Can_Land values
  ('Airbus A340','DFW');
insert into Can_Land values
  ('Airbus A380','DFW');
insert into Can_Land values
  ('Boeing-737','JFK');
insert into Can_Land values
  ('Boeing-747','JFK');
insert into Can_Land values
  ('Boeing-767','JFK');
insert into Can_Land values
  ('Boeing-777','JFK');
insert into Can_Land values
  ('Airbus A320','JFK');
insert into Can_Land values
  ('Airbus A330','JFK');
insert into Can_Land values
  ('Airbus A340','JFK');
insert into Can_Land values
  ('Airbus A380','JFK');
insert into Can_Land values
  ('Boeing-737','DEN');
insert into Can_Land values
  ('Boeing-747','DEN');
insert into Can_Land values
  ('Boeing-767','DEN');
insert into Can_Land values
  ('Boeing-777','DEN');
insert into Can_Land values
  ('Airbus A320','DEN');
insert into Can_Land values
  ('Airbus A330','DEN');
insert into Can_Land values
  ('Airbus A340','DEN');
insert into Can_Land values
  ('Airbus A380','DEN');
insert into Can_Land values
  ('Boeing-737','SFO');
insert into Can_Land values
  ('Boeing-747','SFO');
insert into Can_Land values
  ('Boeing-767','SFO');
insert into Can_Land values
  ('Boeing-777','SFO');
insert into Can_Land values
  ('Airbus A320','SFO');
insert into Can_Land values
  ('Airbus A330','SFO');
insert into Can_Land values
  ('Airbus A340','SFO');
insert into Can_Land values
  ('Airbus A380','SFO');
insert into Can_Land values
  ('Boeing-737','CLT');
insert into Can_Land values
  ('Boeing-747','CLT');
insert into Can_Land values
  ('Boeing-767','CLT');
insert into Can_Land values
  ('Boeing-777','CLT');
insert into Can_Land values
  ('Airbus A320','CLT');
insert into Can_Land values
  ('Airbus A330','CLT');
insert into Can_Land values
  ('Airbus A340','CLT');
insert into Can_Land values
  ('Airbus A380','CLT');
insert into Can_Land values
  ('Boeing-737','LAS');
insert into Can_Land values
  ('Boeing-747','LAS');
insert into Can_Land values
  ('Boeing-767','LAS');
insert into Can_Land values
  ('Boeing-777','LAS');
insert into Can_Land values
  ('Airbus A320','LAS');
insert into Can_Land values
  ('Airbus A330','LAS');
insert into Can_Land values
  ('Airbus A340','LAS');
insert into Can_Land values
  ('Airbus A380','LAS');
insert into Can_Land values
  ('Boeing-737','PHX');
insert into Can_Land values
  ('Boeing-747','PHX');
insert into Can_Land values
  ('Boeing-767','PHX');
insert into Can_Land values
  ('Boeing-777','PHX');
insert into Can_Land values
  ('Airbus A320','PHX');
insert into Can_Land values
  ('Airbus A330','PHX');
insert into Can_Land values
  ('Airbus A340','PHX');
insert into Can_Land values
  ('Airbus A380','PHX');
insert into Can_Land values
  ('Boeing-737','IAH');
insert into Can_Land values
  ('Boeing-747','IAH');
insert into Can_Land values
  ('Boeing-767','IAH');
insert into Can_Land values
  ('Boeing-777','IAH');
insert into Can_Land values
  ('Airbus A320','IAH');
insert into Can_Land values
  ('Airbus A330','IAH');
insert into Can_Land values
  ('Airbus A340','IAH');
insert into Can_Land values
  ('Boeing-737','MIA');
insert into Can_Land values
  ('Boeing-747','MIA');
insert into Can_Land values
  ('Boeing-767','MIA');
insert into Can_Land values
  ('Boeing-777','MIA');
insert into Can_Land values
  ('Airbus A320','MIA');
insert into Can_Land values
  ('Airbus A330','MIA');
insert into Can_Land values
  ('Airbus A340','MIA');
insert into Can_Land values
  ('Boeing-737','SEA');
insert into Can_Land values
  ('Boeing-747','SEA');
insert into Can_Land values
  ('Boeing-767','SEA');
insert into Can_Land values
  ('Boeing-777','SEA');
insert into Can_Land values
  ('Airbus A320','SEA');
insert into Can_Land values
  ('Airbus A330','SEA');
insert into Can_Land values
  ('Airbus A340','SEA');
insert into Can_Land values
  ('Boeing-737','EWR');
insert into Can_Land values
  ('Boeing-747','EWR');
insert into Can_Land values
  ('Boeing-767','EWR');
insert into Can_Land values
  ('Boeing-777','EWR');
insert into Can_Land values
  ('Airbus A320','EWR');
insert into Can_Land values
  ('Airbus A330','EWR');
insert into Can_Land values
  ('Airbus A340','EWR');
insert into Can_Land values
  ('Boeing-737','MCO');
insert into Can_Land values
  ('Boeing-747','MCO');
insert into Can_Land values
  ('Boeing-767','MCO');
insert into Can_Land values
  ('Boeing-777','MCO');
insert into Can_Land values
  ('Airbus A320','MCO');
insert into Can_Land values
  ('Airbus A330','MCO');
insert into Can_Land values
  ('Airbus A340','MCO');
insert into Can_Land values
  ('Boeing-737','MSP');
insert into Can_Land values
  ('Boeing-767','MSP');
insert into Can_Land values
  ('Airbus A320','MSP');
insert into Can_Land values
  ('Airbus A340','MSP');
insert into Can_Land values
  ('Boeing-737','DTW');
insert into Can_Land values
  ('Boeing-747','DTW');
insert into Can_Land values
  ('Boeing-767','DTW');
insert into Can_Land values
  ('Boeing-777','DTW');
insert into Can_Land values
  ('Airbus A320','DTW');
insert into Can_Land values
  ('Airbus A330','DTW');
insert into Can_Land values
  ('Airbus A340','DTW');
insert into Can_Land values
  ('Boeing-737','BOS');
insert into Can_Land values
  ('Boeing-767','BOS');
insert into Can_Land values
  ('Boeing-777','BOS');
insert into Can_Land values
  ('Airbus A320','BOS');
insert into Can_Land values
  ('Airbus A330','BOS');
insert into Can_Land values
  ('Airbus A340','BOS');
insert into Can_Land values
  ('Boeing-737','PHL');
insert into Can_Land values
  ('Boeing-767','PHL');
insert into Can_Land values
  ('Boeing-777','PHL');
insert into Can_Land values
  ('Airbus A320','PHL');
insert into Can_Land values
  ('Airbus A330','PHL');
insert into Can_Land values
  ('Airbus A340','PHL');
insert into Can_Land values
  ('Boeing-737','LGA');
insert into Can_Land values
  ('Boeing-767','LGA');
insert into Can_Land values
  ('Boeing-777','LGA');
insert into Can_Land values
  ('Airbus A320','LGA');
insert into Can_Land values
  ('Airbus A330','LGA');
insert into Can_Land values
  ('Airbus A340','LGA');
insert into Can_Land values
  ('Boeing-737','FLL');
insert into Can_Land values
  ('Boeing-777','FLL');
insert into Can_Land values
  ('Airbus A320','FLL');
insert into Can_Land values
  ('Airbus A340','FLL');
insert into Can_Land values
  ('Boeing-737','BWI');
insert into Can_Land values
  ('Boeing-777','BWI');
insert into Can_Land values
  ('Airbus A320','BWI');
insert into Can_Land values
  ('Airbus A340','BWI');
insert into Can_Land values
  ('Boeing-737','IAD');
insert into Can_Land values
  ('Boeing-777','IAD');
insert into Can_Land values
  ('Airbus A320','IAD');
insert into Can_Land values
  ('Airbus A340','IAD');
insert into Can_Land values
  ('Boeing-737','MDW');
insert into Can_Land values
  ('Boeing-777','MDW');
insert into Can_Land values
  ('Airbus A320','MDW');
insert into Can_Land values
  ('Airbus A340','MDW');
insert into Can_Land values
  ('Boeing-737','SLC');
insert into Can_Land values
  ('Airbus A320','SLC');
  
insert into Airplane values
  (10000,215,'Boeing-737');
insert into Airplane values
  (10001,215,'Boeing-737');
insert into Airplane values
  (10002,215,'Boeing-737');
insert into Airplane values
  (10003,215,'Boeing-737');
insert into Airplane values
  (10004,215,'Boeing-737');
insert into Airplane values
  (10005,215,'Boeing-737');
insert into Airplane values
  (10006,215,'Boeing-737');
insert into Airplane values
  (10007,215,'Boeing-737');
insert into Airplane values
  (10008,215,'Boeing-737');
insert into Airplane values
  (10009,215,'Boeing-737');
insert into Airplane values
  (10010,660,'Boeing-747');
insert into Airplane values
  (10011,660,'Boeing-747');
insert into Airplane values
  (10012,660,'Boeing-747');
insert into Airplane values
  (10013,660,'Boeing-747');
insert into Airplane values
  (10014,660,'Boeing-747');
insert into Airplane values
  (10015,660,'Boeing-747');
insert into Airplane values
  (10016,660,'Boeing-747');
insert into Airplane values
  (10017,660,'Boeing-747');
insert into Airplane values
  (10018,660,'Boeing-747');
insert into Airplane values
  (10019,660,'Boeing-747');
insert into Airplane values
  (10020,300,'Boeing-767');
insert into Airplane values
  (10021,300,'Boeing-767');
insert into Airplane values
  (10022,300,'Boeing-767');
insert into Airplane values
  (10023,300,'Boeing-767');
insert into Airplane values
  (10024,300,'Boeing-767');
insert into Airplane values
  (10025,300,'Boeing-767');
insert into Airplane values
  (10026,300,'Boeing-767');
insert into Airplane values
  (10027,300,'Boeing-767');
insert into Airplane values
  (10028,300,'Boeing-767');
insert into Airplane values
  (10029,300,'Boeing-767');
insert into Airplane values
  (10030,300,'Boeing-767');
insert into Airplane values
  (10031,450,'Boeing-777');
insert into Airplane values
  (10032,450,'Boeing-777');
insert into Airplane values
  (10033,450,'Boeing-777');
insert into Airplane values
  (10034,450,'Boeing-777');
insert into Airplane values
  (10035,450,'Boeing-777');
insert into Airplane values
  (10036,450,'Boeing-777');
insert into Airplane values
  (10037,450,'Boeing-777');
insert into Airplane values
  (10038,450,'Boeing-777');
insert into Airplane values
  (10039,450,'Boeing-777');
insert into Airplane values
  (10040,450,'Boeing-777');
insert into Airplane values
  (10041,440,'Airbus A330');
insert into Airplane values
  (10042,440,'Airbus A330');
insert into Airplane values
  (10043,440,'Airbus A330');
insert into Airplane values
  (10044,440,'Airbus A330');
insert into Airplane values
  (10045,440,'Airbus A330');
insert into Airplane values
  (10046,440,'Airbus A330');
insert into Airplane values
  (10047,440,'Airbus A330');
insert into Airplane values
  (10048,440,'Airbus A330');
insert into Airplane values
  (10049,440,'Airbus A330');
insert into Airplane values
  (10050,440,'Airbus A330');
insert into Airplane values
  (10051,440,'Airbus A330');
insert into Airplane values
  (10052,440,'Airbus A330');
insert into Airplane values
  (10053,440,'Airbus A330');
insert into Airplane values
  (10054,440,'Airbus A330');
insert into Airplane values
  (10055,375,'Airbus A340');
insert into Airplane values
  (10056,375,'Airbus A340');
insert into Airplane values
  (10057,375,'Airbus A340');
insert into Airplane values
  (10058,375,'Airbus A340');
insert into Airplane values
  (10059,375,'Airbus A340');
insert into Airplane values
  (10060,375,'Airbus A340');
insert into Airplane values
  (10061,375,'Airbus A340');
insert into Airplane values
  (10062,375,'Airbus A340');
insert into Airplane values
  (10063,375,'Airbus A340');
insert into Airplane values
  (10064,375,'Airbus A340');
insert into Airplane values
  (10065,150,'Airbus A320');
insert into Airplane values
  (10066,150,'Airbus A320');
insert into Airplane values
  (10067,150,'Airbus A320');
insert into Airplane values
  (10068,150,'Airbus A320');
insert into Airplane values
  (10069,150,'Airbus A320');
insert into Airplane values
  (10070,700,'Airbus A380');
insert into Airplane values
  (10071,700,'Airbus A380');
insert into Airplane values
  (10072,700,'Airbus A380');
insert into Airplane values
  (10073,700,'Airbus A380');
insert into Airplane values
  (10074,700,'Airbus A380');
insert into Airplane values
  (10075,700,'Airbus A380');
  
insert into Flight values
  (20000,'Delta','Monday');
insert into Flight values
  (20001,'Delta','Tuesday');
insert into Flight values
  (20002,'Delta','Wednesday');
insert into Flight values
  (20003,'Delta','Thursday');
insert into Flight values
  (20004,'Delta','Friday');
insert into Flight values
  (20005,'Delta','Saturday');
insert into Flight values
  (20006,'Delta','Sunday');
insert into Flight values
  (20007,'US Airlines','Monday');
insert into Flight values
  (20008,'US Airlines','Tuesday');
insert into Flight values
  (20009,'US Airlines','Wednesday');
insert into Flight values
  (20010,'US Airlines','Thursday');
insert into Flight values
  (20011,'US Airlines','Friday');
insert into Flight values
  (20012,'US Airlines','Saturday');
insert into Flight values
  (20013,'US Airlines','Sunday');
insert into Flight values
  (20014,'Sky','Monday');
insert into Flight values
  (20015,'Sky','Tuesday');
insert into Flight values
  (20016,'Sky','Wednesday');
insert into Flight values
  (20017,'Sky','Thursday');
insert into Flight values
  (20018,'Sky','Friday');
insert into Flight values
  (20019,'Sky','Saturday');
insert into Flight values
  (20020,'Sky','Sunday');
insert into Flight values
  (20021,'American Airlines','Monday');
insert into Flight values
  (20022,'American Airlines','Tuesday');
insert into Flight values
  (20023,'American Airlines','Wednesday');
insert into Flight values
  (20024,'American Airlines','Thursday');
insert into Flight values
  (20025,'American Airlines','Friday');
insert into Flight values
  (20026,'American Airlines','Saturday');
insert into Flight values
  (20027,'American Airlines','Sunday');
insert into Flight values
  (20028,'American Airlines','Monday');
  
insert into Fares values
  (20000,0,256.99,'none');
insert into Fares values
  (20001,0,106.99,'none');
insert into Fares values
  (20002,1,300.99,'none');
insert into Fares values
  (20003,0,189.99,'none');
insert into Fares values
  (20004,1,154.99,'none');
insert into Fares values
  (20005,0,97.99,'none');
insert into Fares values
  (20006,0,120.42,'none');
insert into Fares values
  (20007,2,812.99,'private');
insert into Fares values
  (20008,0,632.99,'none');
insert into Fares values
  (20009,0,129.99,'none');
insert into Fares values
  (20010,0,113.99,'none');
insert into Fares values
  (20011,1,482.99,'none');
insert into Fares values
  (20012,0,251.36,'none');
insert into Fares values
  (20013,1,386.99,'none');
insert into Fares values
  (20014,0,196.79,'none');
insert into Fares values
  (20015,0,96.54,'none');
insert into Fares values
  (20016,0,173.99,'none');
insert into Fares values
  (20017,1,184.99,'none');
insert into Fares values
  (20018,0,199.67,'none');
insert into Fares values
  (20019,0,421.99,'none');
insert into Fares values
  (20020,1,372.99,'none');
insert into Fares values
  (20021,0,247.99,'none');
insert into Fares values
  (20022,0,185.99,'none');
insert into Fares values
  (20023,2,1351.99,'private');
insert into Fares values
  (20024,0,284.99,'none');
insert into Fares values
  (20025,0,311.99,'none');
insert into Fares values
  (20026,0,472.13,'none');
insert into Fares values
  (20027,1,119.88,'none');
insert into Fares values
  (20028,1,257.91,'none');

insert into Flight_Leg values
  (20000,101,'CLT','08:15:00','EWR','10:30:00');
insert into Flight_Leg values
  (20000,102,'EWR','11:00:00','DEN','13:45:00');
insert into Flight_Leg values
  (20000,103,'DEN','14:30:00','SEA','15:45:00');
insert into Flight_Leg values
  (20001,101,'DTW','06:10:00','MIA','12:12:00');
insert into Flight_Leg values
  (20002,101,'SFO','18:30:00','DFW','22:45:00');
insert into Flight_Leg values
  (20003,101,'CLT','09:18:00','BOS','11:10:00');
insert into Flight_Leg values
  (20003,102,'BOS','11:45:00','JFK','14:00:00');
  
insert into Leg_Instance values
  (20000,101,'2016-4-4',200,10000,'CLT','11:00:00','EWR','13:45:00');
insert into Leg_Instance values
  (20000,102,'2016-4-4',190,10000,'EWR','11:00:00','DEN','13:45:00');
insert into Leg_Instance values
  (20000,103,'2016-4-4',200,10000,'DEN','14:30:00','SEA','15:45:00');
insert into Leg_Instance values
  (20001,101,'2016-4-5',290,10020,'DTW','06:10:00','MIA','12:12:00');
insert into Leg_Instance values
  (20002,101,'2016-4-6',645,10010,'SFO','18:30:00','DFW','22:45:00');
insert into Leg_Instance values
  (20003,101,'2016-4-7',650,10011,'CLT','09:18:00','BOS','11:10:00');
insert into Leg_Instance values
  (20003,102,'2016-4-7',650,10011,'BOS','11:45:00','JFK','14:00:00');
  
insert into Seat_Reservation values
  (20000,101,'2016-01-22',12,'Charles Frank','828-339-7483');
insert into Seat_Reservation values
  (20000,101,'2016-01-22',13,'Melanie Frank','828-339-7484');
insert into Seat_Reservation values
  (20000,101,'2016-01-22',84,'Wilbur Fairchild','910-327-6613');
insert into Seat_Reservation values
  (20000,102,'2016-03-01',71,'Henry Castano','970-885-4157');
insert into Seat_Reservation values
  (20000,103,'2016-03-24',107,'Jared Carter','919-820-0029');
insert into Seat_Reservation values
  (20001,101,'2016-02-11',71,'Nathan Fullbright','945-834-2357');
insert into Seat_Reservation values
  (20001,101,'2015-09-29',72,'Jordan Mahoney','975-112-5643');
insert into Seat_Reservation values
  (20002,101,'2016-01-01',73,'Kendra Mellion','979-856-3467');
insert into Seat_Reservation values
  (20002,101,'2016-01-08',74,'Jessica Bocklin','913-115-4238');
insert into Seat_Reservation values
  (20003,101,'2016-03-04',71,'Dwight Schrute','952-979-7298');
insert into Seat_Reservation values
  (20003,101,'2016-02-01',79,'William Messer','992-004-4827');
insert into Seat_Reservation values
  (20003,101,'2016-03-15',50,'Gideon Miles','844-664-4141');
insert into Seat_Reservation values
  (20003,102,'2015-12-01',51,'Polly Gardener','382-528-4007');
  
